{
	"$schema": "http://json-schema.org/draft-04/schema#",
	"title": "Azure manifest",
	"type": "object",
	"properties": {
		"system": {
			"type": "object",
			"properties": {
				"bootloader": {
					"type": "string",
					"enum": ["grub", "extlinux"]
				},
				"waagent": {
					"type": "object",
					"properties": {
						"conf": {
							"type": "string"
						},
						"version": {
							"type": "string"
						}
					},
					"required": ["version"]
				}
			},
			"required": ["waagent"]
		},
		"volume": {
			"type": "object",
			"properties": {
				"backing": {
					"type": "string",
					"enum": ["raw"]
				},
				"partitions": {
					"type": "object",
					"properties": {
						"type": { "enum": ["none", "msdos", "gpt"] }
					}
				}
			},
			"required": ["backing"]
		}
	}
}
